source_path,final_path,status,date_folder,location,location_source,matched_existing
D:\Home\Drone-turtles\DCIM\100MEDIA\DJI_0708.JPG,"E:\Drone\Sarasota, Florida, US\2023-06-25\DJI_0708.JPG",moved,2023-06-25,"Sarasota, Florida, US",gps,
D:\Home\Drone-turtles\DCIM\100MEDIA\DJI_0709.JPG,"E:\Drone\Sarasota, Florida, US\2023-06-25\DJI_0709.JPG",moved,2023-06-25,"Sarasota, Florida, US",gps,
D:\Home\Drone-turtles\DCIM\100MEDIA\DJI_0710.JPG,"E:\Drone\Sarasota, Florida, US\2023-06-25\DJI_0710.JPG",moved,2023-06-25,"Sarasota, Florida, US",gps,
D:\Home\Drone-turtles\DCIM\100MEDIA\DJI_0711.JPG,"E:\Drone\Sarasota, Florida, US\2023-06-25\DJI_0711.JPG",moved,2023-06-25,"Sarasota, Florida, US",gps,
D:\Home\Drone-turtles\DCIM\100MEDIA\DJI_0712.JPG,"E:\Drone\Sarasota, Florida, US\2023-06-25\DJI_0712.JPG",moved,2023-06-25,"Sarasota, Florida, US",gps,
D:\Home\Drone-turtles\DCIM\100MEDIA\DJI_0714.JPG,"E:\Drone\Sarasota, Florida, US\2023-06-25\DJI_0714.JPG",moved,2023-06-25,"Sarasota, Florida, US",gps,
D:\Home\Drone-turtles\DCIM\100MEDIA\DJI_0715.JPG,"E:\Drone\Sarasota, Florida, US\2023-06-25\DJI_0715.JPG",moved,2023-06-25,"Sarasota, Florida, US",gps,
D:\Home\Drone-turtles\DCIM\100MEDIA\DJI_0716.JPG,"E:\Drone\Sarasota, Florida, US\2023-06-25\DJI_0716.JPG",moved,2023-06-25,"Sarasota, Florida, US",gps,
D:\Home\Drone-turtles\DCIM\100MEDIA\DJI_0717.JPG,"E:\Drone\Sarasota, Florida, US\2023-06-25\DJI_0717.JPG",moved,2023-06-25,"Sarasota, Florida, US",gps,
D:\Home\Drone-turtles\DCIM\100MEDIA\DJI_0719.JPG,"E:\Drone\Siesta Key, Florida, US\2023-06-25\DJI_0719.JPG",moved,2023-06-25,"Siesta Key, Florida, US",gps,
D:\Home\Drone-turtles\DCIM\100MEDIA\DJI_0720.JPG,"E:\Drone\Siesta Key, Florida, US\2023-06-25\DJI_0720.JPG",moved,2023-06-25,"Siesta Key, Florida, US",gps,
D:\Home\Drone-turtles\DCIM\100MEDIA\DJI_0721.JPG,"E:\Drone\Siesta Key, Florida, US\2023-06-25\DJI_0721.JPG",moved,2023-06-25,"Siesta Key, Florida, US",gps,
D:\Home\Drone-turtles\DCIM\100MEDIA\DJI_0722.JPG,"E:\Drone\Siesta Key, Florida, US\2023-06-25\DJI_0722.JPG",moved,2023-06-25,"Siesta Key, Florida, US",gps,
D:\Home\Drone-turtles\DCIM\100MEDIA\DJI_0723.JPG,"E:\Drone\Siesta Key, Florida, US\2023-06-25\DJI_0723.JPG",moved,2023-06-25,"Siesta Key, Florida, US",gps,
D:\Home\Drone-turtles\DCIM\100MEDIA\DJI_0724.JPG,"E:\Drone\Siesta Key, Florida, US\2023-06-25\DJI_0724.JPG",moved,2023-06-25,"Siesta Key, Florida, US",gps,
D:\Home\Drone-turtles\DCIM\100MEDIA\DJI_0726.JPG,"E:\Drone\Siesta Key, Florida, US\2023-06-25\DJI_0726.JPG",moved,2023-06-25,"Siesta Key, Florida, US",gps,
D:\Home\Drone-turtles\DCIM\100MEDIA\DJI_0727.MP4,"E:\Drone\Holmes Beach, Florida, US\2023-06-26\DJI_0727.MP4",moved,2023-06-26,"Holmes Beach, Florida, US",same-day,
D:\Home\Drone-turtles\DCIM\100MEDIA\DJI_0728.JPG,"E:\Drone\Sarasota, Florida, US\2023-06-25\DJI_0728.JPG",moved,2023-06-25,"Sarasota, Florida, US",gps,
D:\Home\Drone-turtles\DCIM\100MEDIA\DJI_0729.JPG,"E:\Drone\Sarasota, Florida, US\2023-06-25\DJI_0729.JPG",moved,2023-06-25,"Sarasota, Florida, US",gps,
D:\Home\Drone-turtles\DCIM\100MEDIA\DJI_0730.JPG,"E:\Drone\Sarasota, Florida, US\2023-06-25\DJI_0730.JPG",moved,2023-06-25,"Sarasota, Florida, US",gps,
D:\Home\Drone-turtles\DCIM\100MEDIA\DJI_0731.JPG,"E:\Drone\Sarasota, Florida, US\2023-06-25\DJI_0731.JPG",moved,2023-06-25,"Sarasota, Florida, US",gps,
D:\Home\Drone-turtles\DCIM\100MEDIA\DJI_0732.JPG,"E:\Drone\Sarasota, Florida, US\2023-06-25\DJI_0732.JPG",moved,2023-06-25,"Sarasota, Florida, US",gps,
D:\Home\Drone-turtles\DCIM\100MEDIA\DJI_0733.JPG,"E:\Drone\Sarasota, Florida, US\2023-06-25\DJI_0733.JPG",moved,2023-06-25,"Sarasota, Florida, US",gps,
D:\Home\Drone-turtles\DCIM\100MEDIA\DJI_0734.JPG,"E:\Drone\Sarasota, Florida, US\2023-06-25\DJI_0734.JPG",moved,2023-06-25,"Sarasota, Florida, US",gps,
D:\Home\Drone-turtles\DCIM\100MEDIA\DJI_0735.JPG,"E:\Drone\Sarasota, Florida, US\2023-06-25\DJI_0735.JPG",moved,2023-06-25,"Sarasota, Florida, US",gps,
D:\Home\Drone-turtles\DCIM\100MEDIA\DJI_0736.JPG,"E:\Drone\Sarasota, Florida, US\2023-06-25\DJI_0736.JPG",moved,2023-06-25,"Sarasota, Florida, US",gps,
D:\Home\Drone-turtles\DCIM\100MEDIA\DJI_0737.JPG,"E:\Drone\Sarasota, Florida, US\2023-06-25\DJI_0737.JPG",moved,2023-06-25,"Sarasota, Florida, US",gps,
D:\Home\Drone-turtles\DCIM\100MEDIA\DJI_0738.JPG,"E:\Drone\Sarasota, Florida, US\2023-06-25\DJI_0738.JPG",moved,2023-06-25,"Sarasota, Florida, US",gps,
D:\Home\Drone-turtles\DCIM\100MEDIA\DJI_0739.MP4,"E:\Drone\Holmes Beach, Florida, US\2023-06-26\DJI_0739.MP4",moved,2023-06-26,"Holmes Beach, Florida, US",same-day,
D:\Home\Drone-turtles\DCIM\100MEDIA\DJI_0740.JPG,"E:\Drone\Sarasota, Florida, US\2023-06-25\DJI_0740.JPG",moved,2023-06-25,"Sarasota, Florida, US",gps,
D:\Home\Drone-turtles\DCIM\100MEDIA\DJI_0741.JPG,"E:\Drone\Sarasota, Florida, US\2023-06-25\DJI_0741.JPG",moved,2023-06-25,"Sarasota, Florida, US",gps,
D:\Home\Drone-turtles\DCIM\100MEDIA\DJI_0742.MP4,"E:\Drone\Holmes Beach, Florida, US\2023-06-26\DJI_0742.MP4",moved,2023-06-26,"Holmes Beach, Florida, US",same-day,
D:\Home\Drone-turtles\DCIM\100MEDIA\DJI_0743.JPG,"E:\Drone\Holmes Beach, Florida, US\2023-06-26\DJI_0743.JPG",moved,2023-06-26,"Holmes Beach, Florida, US",gps,
D:\Home\Drone-turtles\DCIM\100MEDIA\DJI_0745.MP4,"E:\Drone\Holmes Beach, Florida, US\2023-06-26\DJI_0745.MP4",moved,2023-06-26,"Holmes Beach, Florida, US",same-day,
D:\Home\Drone-turtles\DCIM\100MEDIA\DJI_0746.JPG,"E:\Drone\Holmes Beach, Florida, US\2023-06-26\DJI_0746.JPG",moved,2023-06-26,"Holmes Beach, Florida, US",gps,
D:\Home\Drone-turtles\DCIM\100MEDIA\DJI_0747.JPG,"E:\Drone\Holmes Beach, Florida, US\2023-06-26\DJI_0747.JPG",moved,2023-06-26,"Holmes Beach, Florida, US",gps,
D:\Home\Drone-turtles\DCIM\100MEDIA\DJI_0748.JPG,"E:\Drone\Holmes Beach, Florida, US\2023-06-26\DJI_0748.JPG",moved,2023-06-26,"Holmes Beach, Florida, US",gps,
D:\Home\Drone-turtles\DCIM\100MEDIA\DJI_0749.JPG,"E:\Drone\Holmes Beach, Florida, US\2023-06-26\DJI_0749.JPG",moved,2023-06-26,"Holmes Beach, Florida, US",gps,
D:\Home\Drone-turtles\DCIM\100MEDIA\DJI_0750.JPG,"E:\Drone\Holmes Beach, Florida, US\2023-06-26\DJI_0750.JPG",moved,2023-06-26,"Holmes Beach, Florida, US",gps,
D:\Home\Drone-turtles\DCIM\100MEDIA\DJI_0751.JPG,"E:\Drone\Holmes Beach, Florida, US\2023-06-26\DJI_0751.JPG",moved,2023-06-26,"Holmes Beach, Florida, US",gps,
D:\Home\Drone-turtles\DCIM\100MEDIA\DJI_0752.JPG,"E:\Drone\Holmes Beach, Florida, US\2023-06-26\DJI_0752.JPG",moved,2023-06-26,"Holmes Beach, Florida, US",gps,
D:\Home\Drone-turtles\DCIM\100MEDIA\DJI_0753.JPG,"E:\Drone\Holmes Beach, Florida, US\2023-06-26\DJI_0753.JPG",moved,2023-06-26,"Holmes Beach, Florida, US",gps,
D:\Home\Drone-turtles\DCIM\100MEDIA\DJI_0755.JPG,"E:\Drone\Holmes Beach, Florida, US\2023-06-26\DJI_0755.JPG",moved,2023-06-26,"Holmes Beach, Florida, US",gps,
D:\Home\Drone-turtles\DCIM\100MEDIA\DJI_0756.JPG,"E:\Drone\Holmes Beach, Florida, US\2023-06-26\DJI_0756.JPG",moved,2023-06-26,"Holmes Beach, Florida, US",gps,
D:\Home\Drone-turtles\DCIM\100MEDIA\DJI_0757.MP4,"E:\Drone\Holmes Beach, Florida, US\2023-06-26\DJI_0757.MP4",moved,2023-06-26,"Holmes Beach, Florida, US",same-day,
D:\Home\Drone-turtles\DCIM\100MEDIA\DJI_0758.MP4,"E:\Drone\Holmes Beach, Florida, US\2023-06-26\DJI_0758.MP4",moved,2023-06-26,"Holmes Beach, Florida, US",same-day,
D:\Home\Drone-turtles\DCIM\100MEDIA\DJI_0759.MP4,"E:\Drone\Holmes Beach, Florida, US\2023-06-26\DJI_0759.MP4",moved,2023-06-26,"Holmes Beach, Florida, US",same-day,
D:\Home\Drone-turtles\DCIM\100MEDIA\DJI_0760.MP4,"E:\Drone\Holmes Beach, Florida, US\2023-06-26\DJI_0760.MP4",moved,2023-06-26,"Holmes Beach, Florida, US",same-day,
D:\Home\Drone-turtles\DCIM\100MEDIA\DJI_0761.JPG,"E:\Drone\Holmes Beach, Florida, US\2023-06-26\DJI_0761.JPG",moved,2023-06-26,"Holmes Beach, Florida, US",gps,
D:\Home\Drone-turtles\DCIM\100MEDIA\DJI_0841.JPG,"E:\Drone\Largo, Florida, US\2023-07-15\DJI_0841.JPG",moved,2023-07-15,"Largo, Florida, US",gps,
D:\Home\Drone-turtles\DCIM\100MEDIA\DJI_0842.JPG,"E:\Drone\Largo, Florida, US\2023-07-15\DJI_0842.JPG",moved,2023-07-15,"Largo, Florida, US",gps,
D:\Home\Drone-turtles\DCIM\100MEDIA\DJI_0843.JPG,"E:\Drone\Largo, Florida, US\2023-07-15\DJI_0843.JPG",moved,2023-07-15,"Largo, Florida, US",gps,
D:\Home\Drone-turtles\DCIM\100MEDIA\DJI_0844.JPG,"E:\Drone\Largo, Florida, US\2023-07-15\DJI_0844.JPG",moved,2023-07-15,"Largo, Florida, US",gps,
D:\Home\Drone-turtles\DCIM\100MEDIA\DJI_0845.MP4,E:\Drone\Unknown Location\2023-07-16\DJI_0845.MP4,moved,2023-07-16,Unknown Location,fallback,
D:\Home\Drone-turtles\DCIM\100MEDIA\DJI_0846.MP4,E:\Drone\Unknown Location\2023-07-16\DJI_0846.MP4,moved,2023-07-16,Unknown Location,fallback,
D:\Home\Drone-turtles\DCIM\100MEDIA\DJI_0847.JPG,"E:\Drone\Largo, Florida, US\2023-07-15\DJI_0847.JPG",moved,2023-07-15,"Largo, Florida, US",gps,
D:\Home\Drone-turtles\DCIM\100MEDIA\DJI_0848.JPG,"E:\Drone\Largo, Florida, US\2023-07-15\DJI_0848.JPG",moved,2023-07-15,"Largo, Florida, US",gps,
D:\Home\Drone-turtles\DCIM\100MEDIA\DJI_0849.JPG,"E:\Drone\Largo, Florida, US\2023-07-15\DJI_0849.JPG",moved,2023-07-15,"Largo, Florida, US",gps,
D:\Home\Drone-turtles\DCIM\100MEDIA\DJI_0850.JPG,"E:\Drone\Largo, Florida, US\2023-07-15\DJI_0850.JPG",moved,2023-07-15,"Largo, Florida, US",gps,
D:\Home\Drone-turtles\DCIM\100MEDIA\DJI_0851.JPG,"E:\Drone\Largo, Florida, US\2023-07-15\DJI_0851.JPG",moved,2023-07-15,"Largo, Florida, US",gps,
D:\Home\Drone-turtles\DCIM\100MEDIA\DJI_0852.JPG,"E:\Drone\Largo, Florida, US\2023-07-15\DJI_0852.JPG",moved,2023-07-15,"Largo, Florida, US",gps,
D:\Home\Drone-turtles\DCIM\100MEDIA\DJI_0853.JPG,"E:\Drone\West Bradenton, Florida, US\2023-07-21\DJI_0853.JPG",moved,2023-07-21,"West Bradenton, Florida, US",gps,
D:\Home\Drone-turtles\DCIM\100MEDIA\DJI_0854.JPG,"E:\Drone\West Bradenton, Florida, US\2023-07-21\DJI_0854.JPG",moved,2023-07-21,"West Bradenton, Florida, US",gps,
D:\Home\Drone-turtles\DCIM\100MEDIA\DJI_0855.MP4,"E:\Drone\West Bradenton, Florida, US\2023-07-22\DJI_0855.MP4",moved,2023-07-22,"West Bradenton, Florida, US",same-day,
D:\Home\Drone-turtles\DCIM\100MEDIA\DJI_0856.JPG,"E:\Drone\Tierra Verde, Florida, US\2023-07-21\DJI_0856.JPG",moved,2023-07-21,"Tierra Verde, Florida, US",gps,
D:\Home\Drone-turtles\DCIM\100MEDIA\DJI_0857.JPG,"E:\Drone\Tierra Verde, Florida, US\2023-07-21\DJI_0857.JPG",moved,2023-07-21,"Tierra Verde, Florida, US",gps,
D:\Home\Drone-turtles\DCIM\100MEDIA\DJI_0858.JPG,"E:\Drone\Tierra Verde, Florida, US\2023-07-21\DJI_0858.JPG",moved,2023-07-21,"Tierra Verde, Florida, US",gps,
D:\Home\Drone-turtles\DCIM\100MEDIA\DJI_0859.JPG,"E:\Drone\Tierra Verde, Florida, US\2023-07-21\DJI_0859.JPG",moved,2023-07-21,"Tierra Verde, Florida, US",gps,
D:\Home\Drone-turtles\DCIM\100MEDIA\DJI_0860.JPG,"E:\Drone\Tierra Verde, Florida, US\2023-07-21\DJI_0860.JPG",moved,2023-07-21,"Tierra Verde, Florida, US",gps,
D:\Home\Drone-turtles\DCIM\100MEDIA\DJI_0861.MP4,"E:\Drone\West Bradenton, Florida, US\2023-07-22\DJI_0861.MP4",moved,2023-07-22,"West Bradenton, Florida, US",same-day,
D:\Home\Drone-turtles\DCIM\100MEDIA\DJI_0862.MP4,"E:\Drone\West Bradenton, Florida, US\2023-07-22\DJI_0862.MP4",moved,2023-07-22,"West Bradenton, Florida, US",same-day,
D:\Home\Drone-turtles\DCIM\100MEDIA\DJI_0863.JPG,"E:\Drone\Tierra Verde, Florida, US\2023-07-21\DJI_0863.JPG",moved,2023-07-21,"Tierra Verde, Florida, US",gps,
D:\Home\Drone-turtles\DCIM\100MEDIA\DJI_0864.JPG,"E:\Drone\Tierra Verde, Florida, US\2023-07-21\DJI_0864.JPG",moved,2023-07-21,"Tierra Verde, Florida, US",gps,
D:\Home\Drone-turtles\DCIM\100MEDIA\DJI_0867.JPG,"E:\Drone\Tierra Verde, Florida, US\2023-07-21\DJI_0867.JPG",moved,2023-07-21,"Tierra Verde, Florida, US",gps,
D:\Home\Drone-turtles\DCIM\100MEDIA\DJI_0868.MP4,"E:\Drone\West Bradenton, Florida, US\2023-07-22\DJI_0868.MP4",moved,2023-07-22,"West Bradenton, Florida, US",same-day,
D:\Home\Drone-turtles\DCIM\100MEDIA\DJI_0869.JPG,"E:\Drone\West Bradenton, Florida, US\2023-07-21\DJI_0869.JPG",moved,2023-07-21,"West Bradenton, Florida, US",gps,
D:\Home\Drone-turtles\DCIM\100MEDIA\DJI_0870.JPG,"E:\Drone\West Bradenton, Florida, US\2023-07-22\DJI_0870.JPG",moved,2023-07-22,"West Bradenton, Florida, US",gps,
D:\Home\Drone-turtles\DCIM\100MEDIA\DJI_0871.JPG,"E:\Drone\West Bradenton, Florida, US\2023-07-22\DJI_0871.JPG",moved,2023-07-22,"West Bradenton, Florida, US",gps,
D:\Home\Drone-turtles\DCIM\100MEDIA\DJI_0872.JPG,"E:\Drone\West Bradenton, Florida, US\2023-07-22\DJI_0872.JPG",moved,2023-07-22,"West Bradenton, Florida, US",gps,
D:\Home\Drone-turtles\DCIM\100MEDIA\DJI_0873.MP4,"E:\Drone\Dunedin, Florida, US\2023-08-07\DJI_0873.MP4",moved,2023-08-07,"Dunedin, Florida, US",same-day,
D:\Home\Drone-turtles\DCIM\100MEDIA\DJI_0874.MP4,"E:\Drone\Dunedin, Florida, US\2023-08-07\DJI_0874.MP4",moved,2023-08-07,"Dunedin, Florida, US",same-day,
D:\Home\Drone-turtles\DCIM\100MEDIA\DJI_0875.MP4,"E:\Drone\Dunedin, Florida, US\2023-08-07\DJI_0875.MP4",moved,2023-08-07,"Dunedin, Florida, US",same-day,
D:\Home\Drone-turtles\DCIM\100MEDIA\DJI_0876.JPG,"E:\Drone\Dunedin, Florida, US\2023-08-07\DJI_0876.JPG",moved,2023-08-07,"Dunedin, Florida, US",gps,
D:\Home\Drone-turtles\DCIM\100MEDIA\DJI_0877.JPG,"E:\Drone\Dunedin, Florida, US\2023-08-07\DJI_0877.JPG",moved,2023-08-07,"Dunedin, Florida, US",gps,
D:\Home\Drone-turtles\DCIM\100MEDIA\DJI_0878.JPG,"E:\Drone\Dunedin, Florida, US\2023-08-07\DJI_0878.JPG",moved,2023-08-07,"Dunedin, Florida, US",gps,
D:\Home\Drone-turtles\DCIM\100MEDIA\DJI_0879.JPG,"E:\Drone\Dunedin, Florida, US\2023-08-07\DJI_0879.JPG",moved,2023-08-07,"Dunedin, Florida, US",gps,
D:\Home\Drone-turtles\DCIM\100MEDIA\DJI_0880.JPG,"E:\Drone\Dunedin, Florida, US\2023-08-07\DJI_0880.JPG",moved,2023-08-07,"Dunedin, Florida, US",gps,
D:\Home\Drone-turtles\DCIM\100MEDIA\DJI_0881.JPG,"E:\Drone\Dunedin, Florida, US\2023-08-07\DJI_0881.JPG",moved,2023-08-07,"Dunedin, Florida, US",gps,
D:\Home\Drone-turtles\DCIM\100MEDIA\DJI_0882.JPG,"E:\Drone\Dunedin, Florida, US\2023-08-07\DJI_0882.JPG",moved,2023-08-07,"Dunedin, Florida, US",gps,
D:\Home\Drone-turtles\DCIM\100MEDIA\DJI_0883.JPG,"E:\Drone\Dunedin, Florida, US\2023-08-07\DJI_0883.JPG",moved,2023-08-07,"Dunedin, Florida, US",gps,
D:\Home\Drone-turtles\DCIM\100MEDIA\DJI_0884.JPG,"E:\Drone\Dunedin, Florida, US\2023-08-07\DJI_0884.JPG",moved,2023-08-07,"Dunedin, Florida, US",gps,
D:\Home\Drone-turtles\DCIM\100MEDIA\DJI_0885.JPG,"E:\Drone\Dunedin, Florida, US\2023-08-07\DJI_0885.JPG",moved,2023-08-07,"Dunedin, Florida, US",gps,
D:\Home\Drone-turtles\DCIM\100MEDIA\DJI_0886.JPG,"E:\Drone\Dunedin, Florida, US\2023-08-07\DJI_0886.JPG",moved,2023-08-07,"Dunedin, Florida, US",gps,
D:\Home\Drone-turtles\DCIM\100MEDIA\DJI_0887.JPG,"E:\Drone\Dunedin, Florida, US\2023-08-07\DJI_0887.JPG",moved,2023-08-07,"Dunedin, Florida, US",gps,
D:\Home\Drone-turtles\DCIM\100MEDIA\DJI_0888.JPG,"E:\Drone\Dunedin, Florida, US\2023-08-07\DJI_0888.JPG",moved,2023-08-07,"Dunedin, Florida, US",gps,
D:\Home\Drone-turtles\DCIM\100MEDIA\DJI_0889.JPG,"E:\Drone\Dunedin, Florida, US\2023-08-07\DJI_0889.JPG",moved,2023-08-07,"Dunedin, Florida, US",gps,
D:\Home\Drone-turtles\DCIM\100MEDIA\DJI_0890.JPG,"E:\Drone\Dunedin, Florida, US\2023-08-07\DJI_0890.JPG",moved,2023-08-07,"Dunedin, Florida, US",gps,
D:\Home\Drone-turtles\DCIM\100MEDIA\DJI_0891.JPG,"E:\Drone\Dunedin, Florida, US\2023-08-07\DJI_0891.JPG",moved,2023-08-07,"Dunedin, Florida, US",gps,
D:\Home\Drone-turtles\DCIM\100MEDIA\DJI_0892.JPG,"E:\Drone\Dunedin, Florida, US\2023-08-07\DJI_0892.JPG",moved,2023-08-07,"Dunedin, Florida, US",gps,
D:\Home\Drone-turtles\DCIM\100MEDIA\DJI_0893.JPG,"E:\Drone\Dunedin, Florida, US\2023-08-07\DJI_0893.JPG",moved,2023-08-07,"Dunedin, Florida, US",gps,
D:\Home\Drone-turtles\DCIM\100MEDIA\DJI_0894.MP4,"E:\Drone\Dunedin, Florida, US\2023-08-07\DJI_0894.MP4",moved,2023-08-07,"Dunedin, Florida, US",same-day,
D:\Home\Drone-turtles\DCIM\100MEDIA\DJI_0895.MP4,"E:\Drone\Dunedin, Florida, US\2023-08-07\DJI_0895.MP4",moved,2023-08-07,"Dunedin, Florida, US",same-day,
D:\Home\Drone-turtles\DCIM\100MEDIA\DJI_0896.JPG,"E:\Drone\Clearwater, Florida, US\2023-08-14\DJI_0896.JPG",moved,2023-08-14,"Clearwater, Florida, US",gps,
D:\Home\Drone-turtles\DCIM\100MEDIA\DJI_0897.JPG,"E:\Drone\Clearwater, Florida, US\2023-08-14\DJI_0897.JPG",moved,2023-08-14,"Clearwater, Florida, US",gps,
D:\Home\Drone-turtles\DCIM\100MEDIA\DJI_0898.JPG,"E:\Drone\Clearwater, Florida, US\2023-08-14\DJI_0898.JPG",moved,2023-08-14,"Clearwater, Florida, US",gps,
D:\Home\Drone-turtles\DCIM\100MEDIA\DJI_0899.JPG,"E:\Drone\Clearwater, Florida, US\2023-08-14\DJI_0899.JPG",moved,2023-08-14,"Clearwater, Florida, US",gps,
D:\Home\Drone-turtles\DCIM\100MEDIA\DJI_0900.JPG,"E:\Drone\Clearwater, Florida, US\2023-08-14\DJI_0900.JPG",moved,2023-08-14,"Clearwater, Florida, US",gps,
D:\Home\Drone-turtles\DCIM\100MEDIA\DJI_0901.JPG,"E:\Drone\Clearwater, Florida, US\2023-08-14\DJI_0901.JPG",moved,2023-08-14,"Clearwater, Florida, US",gps,
D:\Home\Drone-turtles\DCIM\100MEDIA\DJI_0903.JPG,"E:\Drone\Clearwater, Florida, US\2023-08-14\DJI_0903.JPG",moved,2023-08-14,"Clearwater, Florida, US",gps,
D:\Home\Drone-turtles\DCIM\100MEDIA\DJI_0905.MP4,"E:\Drone\Clearwater, Florida, US\2023-08-14\DJI_0905.MP4",moved,2023-08-14,"Clearwater, Florida, US",same-day,
D:\Home\Drone-turtles\DCIM\100MEDIA\DJI_0906.JPG,"E:\Drone\Clearwater, Florida, US\2023-08-14\DJI_0906.JPG",moved,2023-08-14,"Clearwater, Florida, US",gps,
D:\Home\Drone-turtles\DCIM\100MEDIA\DJI_0909.JPG,"E:\Drone\Clearwater, Florida, US\2023-08-14\DJI_0909.JPG",moved,2023-08-14,"Clearwater, Florida, US",gps,
D:\Home\Drone-turtles\DCIM\100MEDIA\DJI_0910.JPG,"E:\Drone\Clearwater, Florida, US\2023-08-14\DJI_0910.JPG",moved,2023-08-14,"Clearwater, Florida, US",gps,
D:\Home\Drone-turtles\DCIM\100MEDIA\DJI_0911.JPG,"E:\Drone\Clearwater, Florida, US\2023-08-14\DJI_0911.JPG",moved,2023-08-14,"Clearwater, Florida, US",gps,
D:\Home\Drone-turtles\DCIM\100MEDIA\DJI_0912.JPG,"E:\Drone\Clearwater, Florida, US\2023-08-14\DJI_0912.JPG",moved,2023-08-14,"Clearwater, Florida, US",gps,
D:\Home\Drone-turtles\DCIM\100MEDIA\DJI_0913.JPG,"E:\Drone\Clearwater, Florida, US\2023-08-14\DJI_0913.JPG",moved,2023-08-14,"Clearwater, Florida, US",gps,
D:\Home\Drone-turtles\DCIM\100MEDIA\DJI_0914.JPG,"E:\Drone\Clearwater, Florida, US\2023-08-14\DJI_0914.JPG",moved,2023-08-14,"Clearwater, Florida, US",gps,
D:\Home\Drone-turtles\DCIM\100MEDIA\DJI_0915.JPG,"E:\Drone\Clearwater, Florida, US\2023-08-14\DJI_0915.JPG",moved,2023-08-14,"Clearwater, Florida, US",gps,
D:\Home\Drone-turtles\DCIM\100MEDIA\DJI_0916.JPG,"E:\Drone\Clearwater, Florida, US\2023-08-14\DJI_0916.JPG",moved,2023-08-14,"Clearwater, Florida, US",gps,
D:\Home\Drone-turtles\DCIM\100MEDIA\DJI_0917.JPG,"E:\Drone\Clearwater, Florida, US\2023-08-14\DJI_0917.JPG",moved,2023-08-14,"Clearwater, Florida, US",gps,
D:\Home\Drone-turtles\DCIM\100MEDIA\DJI_0918.JPG,"E:\Drone\Clearwater, Florida, US\2023-08-14\DJI_0918.JPG",moved,2023-08-14,"Clearwater, Florida, US",gps,
D:\Home\Drone-turtles\DCIM\100MEDIA\DJI_0919.JPG,"E:\Drone\Clearwater, Florida, US\2023-08-14\DJI_0919.JPG",moved,2023-08-14,"Clearwater, Florida, US",gps,
D:\Home\Drone-turtles\DCIM\100MEDIA\DJI_0920.JPG,"E:\Drone\Clearwater, Florida, US\2023-08-14\DJI_0920.JPG",moved,2023-08-14,"Clearwater, Florida, US",gps,
D:\Home\Drone-turtles\DCIM\100MEDIA\DJI_0921.JPG,"E:\Drone\Clearwater, Florida, US\2023-08-14\DJI_0921.JPG",moved,2023-08-14,"Clearwater, Florida, US",gps,
D:\Home\Drone-turtles\DCIM\100MEDIA\DJI_0922.JPG,"E:\Drone\Clearwater, Florida, US\2023-08-14\DJI_0922.JPG",moved,2023-08-14,"Clearwater, Florida, US",gps,
D:\Home\Drone-turtles\DCIM\100MEDIA\DJI_0923.JPG,"E:\Drone\Clearwater, Florida, US\2023-08-14\DJI_0923.JPG",moved,2023-08-14,"Clearwater, Florida, US",gps,
D:\Home\Drone-turtles\DCIM\100MEDIA\DJI_0924.JPG,"E:\Drone\Clearwater, Florida, US\2023-08-14\DJI_0924.JPG",moved,2023-08-14,"Clearwater, Florida, US",gps,
D:\Home\Drone-turtles\DCIM\100MEDIA\DJI_0926.JPG,"E:\Drone\Clearwater, Florida, US\2023-08-14\DJI_0926.JPG",moved,2023-08-14,"Clearwater, Florida, US",gps,
D:\Home\Drone-turtles\DCIM\100MEDIA\DJI_0927.JPG,"E:\Drone\Clearwater, Florida, US\2023-08-14\DJI_0927.JPG",moved,2023-08-14,"Clearwater, Florida, US",gps,
D:\Home\Drone-turtles\DCIM\100MEDIA\DJI_0928.JPG,"E:\Drone\Clearwater, Florida, US\2023-08-14\DJI_0928.JPG",moved,2023-08-14,"Clearwater, Florida, US",gps,
D:\Home\Drone-turtles\DCIM\100MEDIA\DJI_0929.JPG,"E:\Drone\Clearwater, Florida, US\2023-08-14\DJI_0929.JPG",moved,2023-08-14,"Clearwater, Florida, US",gps,
D:\Home\Drone-turtles\DCIM\100MEDIA\DJI_0930.JPG,"E:\Drone\Clearwater, Florida, US\2023-08-14\DJI_0930.JPG",moved,2023-08-14,"Clearwater, Florida, US",gps,
D:\Home\Drone-turtles\DCIM\100MEDIA\DJI_0931.JPG,"E:\Drone\Clearwater, Florida, US\2023-08-14\DJI_0931.JPG",moved,2023-08-14,"Clearwater, Florida, US",gps,
D:\Home\Drone-turtles\DCIM\100MEDIA\DJI_0932.JPG,"E:\Drone\Clearwater, Florida, US\2023-08-14\DJI_0932.JPG",moved,2023-08-14,"Clearwater, Florida, US",gps,
D:\Home\Drone-turtles\DCIM\100MEDIA\DJI_0933.JPG,"E:\Drone\Clearwater, Florida, US\2023-08-14\DJI_0933.JPG",moved,2023-08-14,"Clearwater, Florida, US",gps,
D:\Home\Drone-turtles\DCIM\100MEDIA\DJI_0934.JPG,"E:\Drone\Clearwater, Florida, US\2023-08-14\DJI_0934.JPG",moved,2023-08-14,"Clearwater, Florida, US",gps,
D:\Home\Drone-turtles\DCIM\100MEDIA\DJI_0935.JPG,"E:\Drone\Clearwater, Florida, US\2023-08-14\DJI_0935.JPG",moved,2023-08-14,"Clearwater, Florida, US",gps,
D:\Home\Drone-turtles\DCIM\100MEDIA\DJI_0936.JPG,"E:\Drone\Clearwater, Florida, US\2023-08-14\DJI_0936.JPG",moved,2023-08-14,"Clearwater, Florida, US",gps,
D:\Home\Drone-turtles\DCIM\100MEDIA\DJI_0937.JPG,"E:\Drone\Clearwater, Florida, US\2023-08-14\DJI_0937.JPG",moved,2023-08-14,"Clearwater, Florida, US",gps,
D:\Home\Drone-turtles\DCIM\100MEDIA\DJI_0938.JPG,"E:\Drone\Clearwater, Florida, US\2023-08-14\DJI_0938.JPG",moved,2023-08-14,"Clearwater, Florida, US",gps,
D:\Home\Drone-turtles\DCIM\100MEDIA\DJI_0939.MP4,"E:\Drone\Clearwater, Florida, US\2023-08-14\DJI_0939.MP4",moved,2023-08-14,"Clearwater, Florida, US",same-day,
D:\Home\Drone-turtles\DCIM\100MEDIA\DJI_0940.MP4,"E:\Drone\Clearwater, Florida, US\2023-08-14\DJI_0940.MP4",moved,2023-08-14,"Clearwater, Florida, US",same-day,
D:\Home\Drone-turtles\DCIM\PANORAMA\100_0865\DJI_0001.JPG,"E:\Drone\Tierra Verde, Florida, US\2023-07-21\DJI_0001.JPG",moved,2023-07-21,"Tierra Verde, Florida, US",gps,
D:\Home\Drone-turtles\DCIM\PANORAMA\100_0865\DJI_0002.JPG,"E:\Drone\Tierra Verde, Florida, US\2023-07-21\DJI_0002.JPG",moved,2023-07-21,"Tierra Verde, Florida, US",gps,
D:\Home\Drone-turtles\DCIM\PANORAMA\100_0865\DJI_0003.JPG,"E:\Drone\Tierra Verde, Florida, US\2023-07-21\DJI_0003.JPG",moved,2023-07-21,"Tierra Verde, Florida, US",gps,
D:\Home\Drone-turtles\DCIM\PANORAMA\100_0865\DJI_0004.JPG,"E:\Drone\Tierra Verde, Florida, US\2023-07-21\DJI_0004.JPG",moved,2023-07-21,"Tierra Verde, Florida, US",gps,
D:\Home\Drone-turtles\DCIM\PANORAMA\100_0865\DJI_0005.JPG,"E:\Drone\Tierra Verde, Florida, US\2023-07-21\DJI_0005.JPG",moved,2023-07-21,"Tierra Verde, Florida, US",gps,
D:\Home\Drone-turtles\DCIM\PANORAMA\100_0865\DJI_0006.JPG,"E:\Drone\Tierra Verde, Florida, US\2023-07-21\DJI_0006.JPG",moved,2023-07-21,"Tierra Verde, Florida, US",gps,
D:\Home\Drone-turtles\DCIM\PANORAMA\100_0865\DJI_0007.JPG,"E:\Drone\Tierra Verde, Florida, US\2023-07-21\DJI_0007.JPG",moved,2023-07-21,"Tierra Verde, Florida, US",gps,
D:\Home\Drone-turtles\DCIM\PANORAMA\100_0865\DJI_0008.JPG,"E:\Drone\Tierra Verde, Florida, US\2023-07-21\DJI_0008.JPG",moved,2023-07-21,"Tierra Verde, Florida, US",gps,
D:\Home\Drone-turtles\DCIM\PANORAMA\100_0865\DJI_0009.JPG,"E:\Drone\Tierra Verde, Florida, US\2023-07-21\DJI_0009.JPG",moved,2023-07-21,"Tierra Verde, Florida, US",gps,
D:\Home\Drone-turtles\DCIM\PANORAMA\100_0865\DJI_0010.JPG,"E:\Drone\Tierra Verde, Florida, US\2023-07-21\DJI_0010.JPG",moved,2023-07-21,"Tierra Verde, Florida, US",gps,
D:\Home\Drone-turtles\DCIM\PANORAMA\100_0865\DJI_0011.JPG,"E:\Drone\Tierra Verde, Florida, US\2023-07-21\DJI_0011.JPG",moved,2023-07-21,"Tierra Verde, Florida, US",gps,
D:\Home\Drone-turtles\DCIM\PANORAMA\100_0865\DJI_0012.JPG,"E:\Drone\Tierra Verde, Florida, US\2023-07-21\DJI_0012.JPG",moved,2023-07-21,"Tierra Verde, Florida, US",gps,
D:\Home\Drone-turtles\DCIM\PANORAMA\100_0865\DJI_0013.JPG,"E:\Drone\Tierra Verde, Florida, US\2023-07-21\DJI_0013.JPG",moved,2023-07-21,"Tierra Verde, Florida, US",gps,
D:\Home\Drone-turtles\DCIM\PANORAMA\100_0865\DJI_0014.JPG,"E:\Drone\Tierra Verde, Florida, US\2023-07-21\DJI_0014.JPG",moved,2023-07-21,"Tierra Verde, Florida, US",gps,
D:\Home\Drone-turtles\DCIM\PANORAMA\100_0865\DJI_0015.JPG,"E:\Drone\Tierra Verde, Florida, US\2023-07-21\DJI_0015.JPG",moved,2023-07-21,"Tierra Verde, Florida, US",gps,
D:\Home\Drone-turtles\DCIM\PANORAMA\100_0865\DJI_0016.JPG,"E:\Drone\Tierra Verde, Florida, US\2023-07-21\DJI_0016.JPG",moved,2023-07-21,"Tierra Verde, Florida, US",gps,
D:\Home\Drone-turtles\DCIM\PANORAMA\100_0865\DJI_0017.JPG,"E:\Drone\Tierra Verde, Florida, US\2023-07-21\DJI_0017.JPG",moved,2023-07-21,"Tierra Verde, Florida, US",gps,
D:\Home\Drone-turtles\DCIM\PANORAMA\100_0865\DJI_0018.JPG,"E:\Drone\Tierra Verde, Florida, US\2023-07-21\DJI_0018.JPG",moved,2023-07-21,"Tierra Verde, Florida, US",gps,
D:\Home\Drone-turtles\DCIM\PANORAMA\100_0865\DJI_0019.JPG,"E:\Drone\Tierra Verde, Florida, US\2023-07-21\DJI_0019.JPG",moved,2023-07-21,"Tierra Verde, Florida, US",gps,
D:\Home\Drone-turtles\DCIM\PANORAMA\100_0865\DJI_0020.JPG,"E:\Drone\Tierra Verde, Florida, US\2023-07-21\DJI_0020.JPG",moved,2023-07-21,"Tierra Verde, Florida, US",gps,
D:\Home\Drone-turtles\DCIM\PANORAMA\100_0865\DJI_0021.JPG,"E:\Drone\Tierra Verde, Florida, US\2023-07-21\DJI_0021.JPG",moved,2023-07-21,"Tierra Verde, Florida, US",gps,
D:\Home\Drone-turtles\DCIM\PANORAMA\100_0865\DJI_0022.JPG,"E:\Drone\Tierra Verde, Florida, US\2023-07-21\DJI_0022.JPG",moved,2023-07-21,"Tierra Verde, Florida, US",gps,
D:\Home\Drone-turtles\DCIM\PANORAMA\100_0865\DJI_0023.JPG,"E:\Drone\Tierra Verde, Florida, US\2023-07-21\DJI_0023.JPG",moved,2023-07-21,"Tierra Verde, Florida, US",gps,
D:\Home\Drone-turtles\DCIM\PANORAMA\100_0865\DJI_0024.JPG,"E:\Drone\Tierra Verde, Florida, US\2023-07-21\DJI_0024.JPG",moved,2023-07-21,"Tierra Verde, Florida, US",gps,
D:\Home\Drone-turtles\DCIM\PANORAMA\100_0865\DJI_0025.JPG,"E:\Drone\Tierra Verde, Florida, US\2023-07-21\DJI_0025.JPG",moved,2023-07-21,"Tierra Verde, Florida, US",gps,
D:\Home\Drone-turtles\DCIM\PANORAMA\100_0865\DJI_0026.JPG,"E:\Drone\Tierra Verde, Florida, US\2023-07-21\DJI_0026.JPG",moved,2023-07-21,"Tierra Verde, Florida, US",gps,
D:\Home\Drone-turtles\DCIM\PANORAMA\100_0865\DJI_0027.JPG,"E:\Drone\Tierra Verde, Florida, US\2023-07-21\DJI_0027.JPG",moved,2023-07-21,"Tierra Verde, Florida, US",gps,
D:\Home\Drone-turtles\DCIM\PANORAMA\100_0865\DJI_0028.JPG,"E:\Drone\Tierra Verde, Florida, US\2023-07-21\DJI_0028.JPG",moved,2023-07-21,"Tierra Verde, Florida, US",gps,
D:\Home\Drone-turtles\DCIM\PANORAMA\100_0865\DJI_0029.JPG,"E:\Drone\Tierra Verde, Florida, US\2023-07-21\DJI_0029.JPG",moved,2023-07-21,"Tierra Verde, Florida, US",gps,
D:\Home\Drone-turtles\DCIM\PANORAMA\100_0866\DJI_0001.JPG,"E:\Drone\Tierra Verde, Florida, US\2023-07-21\DJI_0001 (2).JPG",moved,2023-07-21,"Tierra Verde, Florida, US",gps,
D:\Home\Drone-turtles\DCIM\PANORAMA\100_0907\DJI_0001.JPG,"E:\Drone\Clearwater, Florida, US\2023-08-14\DJI_0001.JPG",moved,2023-08-14,"Clearwater, Florida, US",gps,
D:\Home\Drone-turtles\DCIM\PANORAMA\100_0907\DJI_0002.JPG,"E:\Drone\Clearwater, Florida, US\2023-08-14\DJI_0002.JPG",moved,2023-08-14,"Clearwater, Florida, US",gps,
D:\Home\Drone-turtles\DCIM\PANORAMA\100_0907\DJI_0003.JPG,"E:\Drone\Clearwater, Florida, US\2023-08-14\DJI_0003.JPG",moved,2023-08-14,"Clearwater, Florida, US",gps,
D:\Home\Drone-turtles\DCIM\PANORAMA\100_0907\DJI_0004.JPG,"E:\Drone\Clearwater, Florida, US\2023-08-14\DJI_0004.JPG",moved,2023-08-14,"Clearwater, Florida, US",gps,
D:\Home\Drone-turtles\DCIM\PANORAMA\100_0907\DJI_0005.JPG,"E:\Drone\Clearwater, Florida, US\2023-08-14\DJI_0005.JPG",moved,2023-08-14,"Clearwater, Florida, US",gps,
D:\Home\Drone-turtles\DCIM\PANORAMA\100_0907\DJI_0006.JPG,"E:\Drone\Clearwater, Florida, US\2023-08-14\DJI_0006.JPG",moved,2023-08-14,"Clearwater, Florida, US",gps,
D:\Home\Drone-turtles\DCIM\PANORAMA\100_0907\DJI_0007.JPG,"E:\Drone\Clearwater, Florida, US\2023-08-14\DJI_0007.JPG",moved,2023-08-14,"Clearwater, Florida, US",gps,
D:\Home\Drone-turtles\DCIM\PANORAMA\100_0907\DJI_0008.JPG,"E:\Drone\Clearwater, Florida, US\2023-08-14\DJI_0008.JPG",moved,2023-08-14,"Clearwater, Florida, US",gps,
D:\Home\Drone-turtles\DCIM\PANORAMA\100_0907\DJI_0009.JPG,"E:\Drone\Clearwater, Florida, US\2023-08-14\DJI_0009.JPG",moved,2023-08-14,"Clearwater, Florida, US",gps,
D:\Home\Drone-turtles\DCIM\PANORAMA\100_0907\DJI_0010.JPG,"E:\Drone\Clearwater, Florida, US\2023-08-14\DJI_0010.JPG",moved,2023-08-14,"Clearwater, Florida, US",gps,
D:\Home\Drone-turtles\DCIM\PANORAMA\100_0907\DJI_0011.JPG,"E:\Drone\Clearwater, Florida, US\2023-08-14\DJI_0011.JPG",moved,2023-08-14,"Clearwater, Florida, US",gps,
D:\Home\Drone-turtles\DCIM\PANORAMA\100_0907\DJI_0012.JPG,"E:\Drone\Clearwater, Florida, US\2023-08-14\DJI_0012.JPG",moved,2023-08-14,"Clearwater, Florida, US",gps,
D:\Home\Drone-turtles\DCIM\PANORAMA\100_0907\DJI_0013.JPG,"E:\Drone\Clearwater, Florida, US\2023-08-14\DJI_0013.JPG",moved,2023-08-14,"Clearwater, Florida, US",gps,
D:\Home\Drone-turtles\DCIM\PANORAMA\100_0907\DJI_0014.JPG,"E:\Drone\Clearwater, Florida, US\2023-08-14\DJI_0014.JPG",moved,2023-08-14,"Clearwater, Florida, US",gps,
D:\Home\Drone-turtles\DCIM\PANORAMA\100_0907\DJI_0015.JPG,"E:\Drone\Clearwater, Florida, US\2023-08-14\DJI_0015.JPG",moved,2023-08-14,"Clearwater, Florida, US",gps,
D:\Home\Drone-turtles\DCIM\PANORAMA\100_0907\DJI_0016.JPG,"E:\Drone\Clearwater, Florida, US\2023-08-14\DJI_0016.JPG",moved,2023-08-14,"Clearwater, Florida, US",gps,
D:\Home\Drone-turtles\DCIM\PANORAMA\100_0907\DJI_0017.JPG,"E:\Drone\Clearwater, Florida, US\2023-08-14\DJI_0017.JPG",moved,2023-08-14,"Clearwater, Florida, US",gps,
D:\Home\Drone-turtles\DCIM\PANORAMA\100_0907\DJI_0018.JPG,"E:\Drone\Clearwater, Florida, US\2023-08-14\DJI_0018.JPG",moved,2023-08-14,"Clearwater, Florida, US",gps,
D:\Home\Drone-turtles\DCIM\PANORAMA\100_0907\DJI_0019.JPG,"E:\Drone\Clearwater, Florida, US\2023-08-14\DJI_0019.JPG",moved,2023-08-14,"Clearwater, Florida, US",gps,
D:\Home\Drone-turtles\DCIM\PANORAMA\100_0907\DJI_0020.JPG,"E:\Drone\Clearwater, Florida, US\2023-08-14\DJI_0020.JPG",moved,2023-08-14,"Clearwater, Florida, US",gps,
D:\Home\Drone-turtles\DCIM\PANORAMA\100_0907\DJI_0021.JPG,"E:\Drone\Clearwater, Florida, US\2023-08-14\DJI_0021.JPG",moved,2023-08-14,"Clearwater, Florida, US",gps,
D:\Home\Drone-turtles\DCIM\PANORAMA\100_0907\DJI_0022.JPG,"E:\Drone\Clearwater, Florida, US\2023-08-14\DJI_0022.JPG",moved,2023-08-14,"Clearwater, Florida, US",gps,
D:\Home\Drone-turtles\DCIM\PANORAMA\100_0907\DJI_0023.JPG,"E:\Drone\Clearwater, Florida, US\2023-08-14\DJI_0023.JPG",moved,2023-08-14,"Clearwater, Florida, US",gps,
D:\Home\Drone-turtles\DCIM\PANORAMA\100_0907\DJI_0024.JPG,"E:\Drone\Clearwater, Florida, US\2023-08-14\DJI_0024.JPG",moved,2023-08-14,"Clearwater, Florida, US",gps,
D:\Home\Drone-turtles\DCIM\PANORAMA\100_0907\DJI_0025.JPG,"E:\Drone\Clearwater, Florida, US\2023-08-14\DJI_0025.JPG",moved,2023-08-14,"Clearwater, Florida, US",gps,
D:\Home\Drone-turtles\DCIM\PANORAMA\100_0907\DJI_0026.JPG,"E:\Drone\Clearwater, Florida, US\2023-08-14\DJI_0026.JPG",moved,2023-08-14,"Clearwater, Florida, US",gps,
D:\Home\Drone-turtles\DCIM\PANORAMA\100_0907\DJI_0027.JPG,"E:\Drone\Clearwater, Florida, US\2023-08-14\DJI_0027.JPG",moved,2023-08-14,"Clearwater, Florida, US",gps,
D:\Home\Drone-turtles\DCIM\PANORAMA\100_0907\DJI_0028.JPG,"E:\Drone\Clearwater, Florida, US\2023-08-14\DJI_0028.JPG",moved,2023-08-14,"Clearwater, Florida, US",gps,
D:\Home\Drone-turtles\DCIM\PANORAMA\100_0907\DJI_0029.JPG,"E:\Drone\Clearwater, Florida, US\2023-08-14\DJI_0029.JPG",moved,2023-08-14,"Clearwater, Florida, US",gps,
D:\Home\Drone-turtles\DCIM\PANORAMA\100_0907\DJI_0030.JPG,"E:\Drone\Clearwater, Florida, US\2023-08-14\DJI_0030.JPG",moved,2023-08-14,"Clearwater, Florida, US",gps,
D:\Home\Drone-turtles\DCIM\PANORAMA\100_0907\DJI_0031.JPG,"E:\Drone\Clearwater, Florida, US\2023-08-14\DJI_0031.JPG",moved,2023-08-14,"Clearwater, Florida, US",gps,
D:\Home\Drone-turtles\DCIM\PANORAMA\100_0907\DJI_0032.JPG,"E:\Drone\Clearwater, Florida, US\2023-08-14\DJI_0032.JPG",moved,2023-08-14,"Clearwater, Florida, US",gps,
D:\Home\Drone-turtles\DCIM\PANORAMA\100_0907\DJI_0033.JPG,"E:\Drone\Clearwater, Florida, US\2023-08-14\DJI_0033.JPG",moved,2023-08-14,"Clearwater, Florida, US",gps,
D:\Home\Drone-turtles\DCIM\PANORAMA\100_0907\DJI_0034.JPG,"E:\Drone\Clearwater, Florida, US\2023-08-14\DJI_0034.JPG",moved,2023-08-14,"Clearwater, Florida, US",gps,
D:\Home\Drone-turtles\DCIM\PANORAMA\100_0907\DJI_0035.JPG,"E:\Drone\Clearwater, Florida, US\2023-08-14\DJI_0035.JPG",moved,2023-08-14,"Clearwater, Florida, US",gps,
D:\Home\Drone-turtles\DCIM\PANORAMA\100_0908\DJI_0001.JPG,"E:\Drone\Clearwater, Florida, US\2023-08-14\DJI_0001 (2).JPG",moved,2023-08-14,"Clearwater, Florida, US",gps,
